{
  "$schema": "https://schema.management.azure.com/schemas/2015-01-01/deploymentParameters.json#",
  "contentVersion": "1.0.0.0",
  "parameters": {
    "location": {
      "value": "francecentral"
    },
    "workspaceName": {
      "value": "ml-fakenews-workspace"
    },
    "computeInstanceName": {
      "value": "cpu-fakenews"
    },
    "disableLocalAuth": {
      "value": true
    },
    "maxNodeCount": {
      "value": 1
    },
    "minNodeCount": {
      "value": 0
    },
    "nodeIdleTimeBeforeScaleDown": {
      "value": "PT125S"
    },
    "remoteLoginPortPublicAccess": {
      "value": "Disabled"
    },
    "vmSize": {
      "value": "Standard_D4s_v3"
    },
    "vmPriority": {
      "value": "Dedicated"
    },
    "enableNodePublicIp": {
      "value": true
    }
  }
}